category,tags,content
Filozofia,"MKS, rozwój, progres","Proces stałego doskonalenia zakłada analizę, planowanie, wykonanie i refleksję po każdym przejściu."
Trening,"wytrzymałość, trening","Obwody 6–10 min pracy poprawiają wytrzymałość tlenową i zdolność do pracy na drogach."
Technika,"nauka, technika, ruch","Regularna analiza ruchu pozwala szybciej eliminować błędy i utrwalać poprawne wzorce."
Regeneracja,"sen, odpoczynek","Pełna regeneracja wymaga minimum 7–8 godzin snu oraz 1–2 dni przerwy w tygodniu."
Motywacja,"mental, mindset","Skupienie na procesie zamiast na wyniku zwiększa trwałość motywacji."
Trening,"siła, podciąganie","Podciąganie z obciążeniem rozwija siłę maksymalną kluczową dla trudnych ruchów."
Technika,"balans, ciało","Utrzymanie środka ciężkości blisko ściany zmniejsza wysiłek i poprawia kontrolę ruchu."
Filozofia,"pokora, progres","Progres nie zawsze jest liniowy — ważne jest zrozumienie i akceptacja procesu."
Trening,"moc, dynamika","Ćwiczenia plyometryczne i dynamiczne zwiększają zdolności eksplozywne."
Trening,"bouldering, siła","Krótkie serie maksymalnych prób poprawiają siłę dynamiczną i eksplozywność."
Filozofia,"cele, plan","Dobre cele są mierzalne i osadzone w czasie."
Regeneracja,"mobilność, zdrowie","Regularny stretching statyczny po treningu wspomaga regenerację i zmniejsza napięcie."
Trening,"interval, wytrzymałość","Trening interwałowy zwiększa zdolność do pracy na długich drogach wspinaczkowych."
Technika,"chwyt, kontrola","Chwyt otwarty zmniejsza obciążenie palców w porównaniu z chwytem zamkniętym."
Regeneracja,"kontuzje, prewencja","Stopniowe zwiększanie obciążenia zmniejsza ryzyko kontuzji ścięgien i palców."
Trening,"core, stabilizacja","Silny core pozwala utrzymać ciało w równowadze i ułatwia ruchy z dużą rotacją."
Technika,"ruch, płynność","Płynność ruchu zmniejsza zużycie energii i poprawia kontrolę."
Filozofia,"dyscyplina, praca","Rutyna treningowa buduje nawyki i stabilność progresu."
Regeneracja,"oddech, stres","Świadome oddychanie pomaga w koncentracji i redukcji stresu."
Trening,"przeniesienie, ciężar","Prawidłowe przeniesienie ciężaru na nogi pozwala lepiej wykorzystać siłę."
Technika,"hakowanie, pięty","Hakowanie pięty zwiększa stabilność i oszczędza energię ramion."
Regeneracja,"nawodnienie, zdrowie","Odpowiednie nawodnienie wspiera wydolność i regenerację."
Trening,"koordynacja, dynamika","Ćwiczenia koordynacyjne poprawiają technikę i szybkość reakcji."
Technika,"rotacja, ciało","Rotacja bioder pozwala lepiej osadzać ciężar i zwiększa stabilność na ścianie."
Trening,"jakość, powtórzenia","Jakość powtórzeń jest ważniejsza niż ilość wykonywanych ruchów."
Regeneracja,"masaż, rozluźnienie","Masaż mięśni zmniejsza napięcia i poprawia przepływ krwi."
Trening,"sprawność, plyometria","Ćwiczenia plyometryczne zwiększają moc i eksplozywność ruchów wspinaczkowych."
